title,,,,,,,,,,
FL Post 0416,,,,,,,,,,
FL Post 0418,,,,,,,,,,
FL Post 0415,,,,,,,,,,
FL Post 0414,,,,,,,,,,
FL Post 0412,,,,,,,,,,
FL Post 0410,,,,,,,,,,
FL Post 0409,,,,,,,,,,
FL Post 0404,,,,,,,,,,
FL Post 0402,,,,,,,,,,
FL Post 0401,,,,,,,,,,
Department Headquarters,,,,,,,,,,
FL Post 0395,,,,,,,,,,
FL Post 0394,,,,,,,,,,
FL Post 0392,,,,,,,,,,
FL Post 0390,,,,,,,,,,
FL Post 0389,,,,,,,,,,
FL Post 0385,,,,,,,,,,
FL Post 0383,,,,,,,,,,
FL Post 0382,,,,,,,,,,
FL Post 0380,,,,,,,,,,
FL Post 0378,,,,,,,,,,
FL Post 0375,,,,,,,,,,
FL Post 0374,,,,,,,,,,
FL Post 0373,,,,,,,,,,
FL Post 0372,,,,,,,,,,
FL Post 0371,,,,,,,,,,
FL Post 0367,,,,,,,,,,
FL Post 0366,,,,,,,,,,
FL Post 0365,,,,,,,,,,
FL Post 0361,,,,,,,,,,
FL Post 0359,,,,,,,,,,
FL Post 0358,,,,,,,,,,
FL Post 0357,,,,,,,,,,
FL Post 0356,,,,,,,,,,
FL Post 0354,,,,,,,,,,
FL Post 0351,,,,,,,,,,
FL Post 0348,,,,,,,,,,
FL Post 0347,,,,,,,,,,
FL Post 0346,,,,,,,,,,
FL Post 0344,,,,,,,,,,
FL Post 0340,,,,,,,,,,
FL Post 0339,,,,,,,,,,
FL Post 0336,,,,,,,,,,
FL Post 0335,,,,,,,,,,
FL Post 0334,,,,,,,,,,
FL Post 0333,,,,,,,,,,
FL Post 0332,,,,,,,,,,
FL Post 0331,,,,,,,,,,
FL Post 0330,,,,,,,,,,
FL Post 0328,,,,,,,,,,
FL Post 0325,,,,,,,,,,
FL Post 0323,,,,,,,,,,
FL Post 0322,,,,,,,,,,
FL Post 0321,,,,,,,,,,
FL Post 0318,,,,,,,,,,
FL Post 0316,,,,,,,,,,
FL Post 0312,,,,,,,,,,
FL Post 0310,,,,,,,,,,
FL Post 0309,,,,,,,,,,
FL Post 0305,,,,,,,,,,
FL Post 0304,,,,,,,,,,
FL Post 0303,,,,,,,,,,
FL Post 0302,,,,,,,,,,
FL Post 0296,,,,,,,,,,
FL Post 0293,,,,,,,,,,
FL Post 0291,,,,,,,,,,
FL Post 0287,,,,,,,,,,
FL Post 0286,,,,,,,,,,
FL Post 0285,,,,,,,,,,
FL Post 0284,,,,,,,,,,
FL Post 0283,,,,,,,,,,
FL Post 0277,,,,,,,,,,
FL Post 0275,,,,,,,,,,
FL Post 0274,,,,,,,,,,
FL Post 0273,,,,,,,,,,
FL Post 0272,,,,,,,,,,
FL Post 0271,,,,,,,,,,
FL Post 0270,,,,,,,,,,
FL Post 0269,,,,,,,,,,
FL Post 0268,,,,,,,,,,
FL Post 0267,,,,,,,,,,
FL Post 0266,,,,,,,,,,
FL Post 0259,,,,,,,,,,
FL Post 0258,,,,,,,,,,
FL Post 0255,,,,,,,,,,
FL Post 0254,,,,,,,,,,
FL Post 0252,,,,,,,,,,
FL Post 0250,,,,,,,,,,
FL Post 0248,,,,,,,,,,
FL Post 0246,,,,,,,,,,
FL Post 0244,,,,,,,,,,
FL Post 0243,,,,,,,,,,
FL Post 0242,,,,,,,,,,
FL Post 0241,,,,,,,,,,
FL Post 0240,,,,,,,,,,
FL Post 0239,,,,,,,,,,
FL Post 0238,,,,,,,,,,
FL Post 0237,,,,,,,,,,
FL Post 0236,,,,,,,,,,
FL Post 0235,,,,,,,,,,
